id,first_name,last_name,email,gender,country,phone,birthdate
1,Jaquelyn,Ashleigh,jashleigh0@arstechnica.com,Genderfluid,Czech Republic,760-504-4246,1986-12-26
2,Marti,Pierton,mpierton1@flavors.me,Genderqueer,United States,910-189-4053,1978-08-16
3,Lynnet,Kunkel,lkunkel2@zdnet.com,Female,Netherlands,462-312-0432,1984-12-12
4,Lindi,Kleinberer,lkleinberer3@mysql.com,Female,Czech Republic,853-993-3987,1976-12-08
5,Rafaelia,Kauschke,rkauschke4@si.edu,Female,Poland,928-273-8342,1996-08-25
6,Shannen,Gallo,sgallo5@qq.com,Female,France,190-143-5943,1991-06-09
7,Tallou,Varnam,tvarnam6@blog.com,Female,France,575-370-8479,1951-08-21
8,Parke,Potteridge,ppotteridge7@cisco.com,Male,France,306-161-9555,1965-06-25
9,Jaquenetta,Fewless,jfewless8@tamu.edu,Female,Poland,684-282-3208,1958-12-06
10,Willie,Ciric,wciric9@topsy.com,Female,United States,239-375-7781,1988-06-10
11,Genevieve,Quartley,gquartleya@t-online.de,Female,France,417-377-3159,1956-11-28
12,Willabella,Page,wpageb@t-online.de,Female,United States,216-162-8242,1951-04-12
13,Dud,Aldis,daldisc@bbb.org,Male,Poland,820-418-4831,1965-12-25
14,Sallyann,Hedden,sheddend@is.gd,Female,Poland,535-290-5171,1980-11-05
15,Raffaello,Matthensen,rmatthensene@youtube.com,Male,France,382-486-3665,1976-08-11
16,Fonz,Cattemull,fcattemullf@disqus.com,Male,Estonia,647-993-4690,1964-01-16
17,Ulrick,Blaik,ublaikg@nhs.uk,Male,Poland,548-484-2744,1999-04-28
18,Griz,Banton,gbantonh@cnn.com,Male,Spain,930-511-4977,1950-07-29
19,Dasie,Seaton,dseatoni@bbc.co.uk,Bigender,United States,386-713-7796,1959-01-12
20,Helga,Postin,hpostinj@list-manage.com,Female,Poland,578-468-2930,1991-11-24
21,Darill,Alexandersen,dalexandersenk@patch.com,Male,United States,626-818-0822,1965-02-18
22,Vince,Kellick,vkellickl@vkontakte.ru,Male,France,697-732-3031,1994-04-23
23,Steffane,Maxwell,smaxwellm@mlb.com,Bigender,France,841-544-4814,1992-10-27
24,Hube,Palleske,hpallesken@howstuffworks.com,Male,Poland,330-932-2961,1990-05-18
25,Antonius,Handaside,ahandasideo@free.fr,Male,United States,402-489-8032,1958-06-10
26,Hymie,Bruhnicke,hbruhnickep@java.com,Male,Poland,127-999-9967,1955-03-28
27,Korie,Falloon,kfalloonq@sfgate.com,Female,Poland,219-809-5949,1969-12-10
28,Gizela,Quinnell,gquinnellr@wordpress.org,Female,United States,832-987-3473,1955-06-12
29,Honoria,Nisco,hniscos@facebook.com,Female,Poland,838-758-2555,1957-09-13
30,Tandi,Thayre,tthayret@usgs.gov,Female,Germany,985-154-9231,1975-06-05
31,Bryana,Dripp,bdrippu@surveymonkey.com,Female,United Kingdom,257-991-4342,1978-01-11
32,Clemmie,Forward,cforwardv@businessweek.com,Female,France,146-256-5994,1965-09-03
33,Tobit,Peterkin,tpeterkinw@accuweather.com,Male,Poland,609-136-2474,1977-03-15
34,Goober,Balam,gbalamx@noaa.gov,Male,France,460-536-8736,1968-05-27
35,Jemmy,Honisch,jhonischy@furl.net,Agender,France,141-841-3915,1996-09-07
36,Peadar,Ibbs,pibbsz@smh.com.au,Male,Poland,830-468-7183,1986-09-11
37,Hamish,Brighty,hbrighty10@hugedomains.com,Male,France,357-629-3397,1951-07-23
38,Stefan,Nitti,snitti11@huffingtonpost.com,Male,Poland,172-297-9181,1969-04-07
39,Gerald,Scaplehorn,gscaplehorn12@fotki.com,Male,France,326-651-5474,1973-05-26
40,Portia,MacKain,pmackain13@walmart.com,Genderfluid,United States,865-594-8505,1972-12-17
41,Theodor,Tellett,ttellett14@dmoz.org,Male,France,753-401-5574,1961-06-23
42,Brandtr,Jindracek,bjindracek15@pagesperso-orange.fr,Male,Czech Republic,817-718-8136,1973-12-26
43,Alric,Shawcross,ashawcross16@google.de,Male,France,451-777-1729,1960-07-21
44,Nobie,Shillaber,nshillaber17@ucsd.edu,Male,Poland,413-284-5613,1976-04-12
45,Skyler,Corss,scorss18@toplist.cz,Male,United States,515-894-8681,1988-12-17
46,Laughton,Castillou,lcastillou19@joomla.org,Male,Poland,413-635-3632,1956-07-19
47,Ardith,Solomon,asolomon1a@phoca.cz,Female,France,453-922-9629,1963-01-14
48,Ilyse,Boorn,iboorn1b@shinystat.com,Female,Poland,864-215-3032,1988-12-29
49,Ave,Girardini,agirardini1c@360.cn,Male,France,522-279-0841,1990-02-16
50,Gibb,Fraczak,gfraczak1d@bandcamp.com,Male,Czech Republic,137-532-1635,1972-03-18
51,Zonnya,Ronnay,zronnay1e@nba.com,Female,France,169-310-5491,1994-02-08
52,Melisent,Daingerfield,mdaingerfield1f@miibeian.gov.cn,Bigender,Poland,319-534-6007,1957-03-11
53,Padget,Gwilliam,pgwilliam1g@nps.gov,Polygender,United States,864-923-3476,1986-03-02
54,Gwennie,Duckham,gduckham1h@naver.com,Female,United States,512-118-0553,1965-08-25
55,Reuven,Puddephatt,rpuddephatt1i@bravesites.com,Male,United States,574-741-6441,1965-12-07
56,Lorita,Leahey,lleahey1j@jimdo.com,Female,Poland,234-860-0464,1954-08-21
57,Mickie,Savege,msavege1k@adobe.com,Female,United States,248-754-2466,1953-06-08
58,Selby,Dulanty,sdulanty1l@salon.com,Male,Czech Republic,309-694-9016,1978-01-03
59,Elbertine,Counihan,ecounihan1m@tuttocitta.it,Female,France,772-630-2438,1993-02-12
60,Ode,Fice,ofice1n@yellowpages.com,Male,Poland,827-519-0994,1974-06-23
61,Garvey,Kelling,gkelling1o@gravatar.com,Male,Czech Republic,755-890-6415,1977-10-20
62,Matthus,Ruckledge,mruckledge1p@rakuten.co.jp,Male,Poland,329-457-9639,1992-09-24
63,Andrea,Threadgall,athreadgall1q@nsw.gov.au,Male,France,566-768-3736,1989-05-12
64,Barny,Johncey,bjohncey1r@theguardian.com,Male,United States,615-523-4141,1968-07-24
65,Josselyn,Willden,jwillden1s@issuu.com,Female,France,804-990-2611,1962-11-14
66,Olly,Lindeboom,olindeboom1t@oakley.com,Female,France,465-781-9365,1953-09-01
67,Saudra,Cave,scave1u@reference.com,Female,United Kingdom,690-423-5509,1982-03-16
68,Loy,Kohrt,lkohrt1v@nhs.uk,Male,Czech Republic,345-187-1939,1992-07-12
69,Rani,Bennion,rbennion1w@youku.com,Female,France,797-353-4902,1952-09-21
70,Leia,Bold,lbold1x@jiathis.com,Female,France,916-537-9778,1976-04-27
71,Franny,Tremblay,ftremblay1y@discuz.net,Female,United States,919-355-9731,1972-09-15
72,Diahann,Kornes,dkornes1z@redcross.org,Female,United States,714-441-2089,1952-07-10
73,Odell,Eke,oeke20@amazon.de,Male,United States,757-642-0733,1975-05-19
74,Britt,Towlson,btowlson21@delicious.com,Male,United States,817-147-1521,1965-07-09
75,Seamus,Gavrielly,sgavrielly22@cam.ac.uk,Male,France,495-543-9485,1963-03-07
76,Tab,Severns,tseverns23@wikimedia.org,Male,France,679-430-4306,1984-06-07
77,Mersey,Seiller,mseiller24@smh.com.au,Female,Estonia,751-793-9282,1955-11-07
78,Sherman,Yanele,syanele25@github.com,Male,United States,314-998-3718,1954-03-21
79,Maria,Kiendl,mkiendl26@dion.ne.jp,Female,Czech Republic,950-510-8053,1968-10-22
80,Kyla,Shepherdson,kshepherdson27@ucsd.edu,Female,France,535-464-3689,1977-05-29
81,Thorny,Tweedy,ttweedy28@home.pl,Male,France,855-392-5366,1983-06-13
82,Nanette,Sirman,nsirman29@baidu.com,Female,Czech Republic,297-293-4763,1955-04-24
83,Cassandre,Hayford,chayford2a@github.io,Female,Spain,937-110-0497,1965-07-17
84,Jamey,Fredy,jfredy2b@cmu.edu,Male,Germany,954-702-7070,1972-05-27
85,Ardith,Claasen,aclaasen2c@twitter.com,Female,Poland,967-700-0493,1967-01-06
86,Brock,Wray,bwray2d@google.com.hk,Male,France,223-450-3687,1955-09-12
87,Jemima,Duplan,jduplan2e@ox.ac.uk,Female,Czech Republic,395-456-3961,1991-09-07
88,Chic,Benaine,cbenaine2f@fema.gov,Male,Poland,563-765-4552,1987-04-16
89,Glenine,Babber,gbabber2g@dyndns.org,Female,France,969-782-2495,1960-09-26
90,Cosmo,Agg,cagg2h@ft.com,Male,United States,907-429-0338,1994-11-28
91,Carolan,de Quincey,cdequincey2i@ihg.com,Female,United Kingdom,416-778-6517,1972-01-03
92,Paulita,Stubbings,pstubbings2j@samsung.com,Female,United States,310-517-2620,1988-01-23
93,Edi,Monkleigh,emonkleigh2k@imdb.com,Female,United States,502-325-0704,1984-10-06
94,Rufe,Janning,rjanning2l@mozilla.org,Male,France,549-937-7373,1992-01-14
95,Powell,Penhaleurack,ppenhaleurack2m@163.com,Male,Poland,568-485-1518,1997-12-23
96,Stacia,Loreit,sloreit2n@europa.eu,Female,Czech Republic,727-282-5283,1985-10-30
97,Lizzy,Pree,lpree2o@histats.com,Female,United States,626-263-9008,1973-06-25
98,Danielle,Couves,dcouves2p@devhub.com,Non-binary,United States,360-234-3983,1955-12-23
99,Alexandrina,Cambridge,acambridge2q@godaddy.com,Female,France,739-160-2553,1952-03-18
100,Brenden,Kenan,bkenan2r@xing.com,Male,Czech Republic,491-605-4613,1988-10-18
101,Becky,Marcinkowski,bmarcinkowski2s@so-net.ne.jp,Female,France,619-848-9481,1983-01-06
102,Artemis,Valek,avalek2t@unicef.org,Male,Poland,702-289-5397,1993-04-14
103,Cammie,Bridal,cbridal2u@cloudflare.com,Female,Poland,418-141-2519,1995-03-21
104,Dyna,Larroway,dlarroway2v@weibo.com,Female,France,677-408-4699,1961-09-29
105,Llywellyn,Chazerand,lchazerand2w@examiner.com,Male,Czech Republic,828-239-6839,1978-11-02
106,Goldie,Saville,gsaville2x@salon.com,Female,Czech Republic,679-495-9579,1965-02-22
107,Stefano,Wither,swither2y@omniture.com,Male,Poland,762-915-1660,1961-02-17
108,Jasper,Mansion,jmansion2z@google.es,Male,Czech Republic,159-243-1136,1952-11-24
109,Blinnie,Dresche,bdresche30@facebook.com,Female,France,452-381-3091,1953-01-28
110,Vidovic,Hartegan,vhartegan31@studiopress.com,Male,United States,646-997-2861,1952-07-20
111,Keelia,Poznan,kpoznan32@clickbank.net,Female,United States,706-170-5098,1978-10-23
112,Earl,Ladloe,eladloe33@reverbnation.com,Male,Poland,917-262-4321,1985-01-06
113,Aaren,Georgius,ageorgius34@github.com,Genderqueer,Czech Republic,967-323-9566,1994-02-08
114,Falkner,Flood,fflood35@51.la,Male,Netherlands,205-706-2569,1961-02-28
115,Corbett,McAless,cmcaless36@ucsd.edu,Male,France,509-732-2942,1996-10-24
116,Nicoli,Connue,nconnue37@ustream.tv,Female,France,964-738-2062,1967-04-13
117,Shepherd,Macellar,smacellar38@amazon.de,Male,Poland,544-560-7356,1996-09-03
118,Amitie,Matresse,amatresse39@jalbum.net,Female,United States,860-223-8078,1968-02-20
119,Gertrud,Radki,gradki3a@boston.com,Non-binary,United States,972-544-9303,1986-01-07
120,Madelle,Bosman,mbosman3b@bizjournals.com,Female,United States,251-397-2666,1962-07-16
121,Lori,O'Cullinane,locullinane3c@xinhuanet.com,Female,France,515-246-3977,1963-09-23
122,Barb,Roblou,broblou3d@java.com,Female,France,144-744-2075,1974-05-08
123,Freddy,Herity,fherity3e@clickbank.net,Male,France,276-467-6002,1978-09-20
124,Rikki,McQuilliam,rmcquilliam3f@amazon.de,Female,Poland,630-879-1946,1963-05-02
125,Jackie,Gookey,jgookey3g@statcounter.com,Male,France,621-579-2450,1992-03-03
126,Wenonah,Rehor,wrehor3h@engadget.com,Female,Czech Republic,957-164-4575,1973-12-31
127,Huntlee,Lagden,hlagden3i@yale.edu,Male,Poland,182-137-8784,1974-07-05
128,Jose,Blackham,jblackham3j@comsenz.com,Male,Czech Republic,821-738-8787,1953-06-17
129,Bran,Cody,bcody3k@sun.com,Male,Czech Republic,193-172-9183,1973-08-18
130,Rollie,Seniour,rseniour3l@unc.edu,Male,United Kingdom,563-379-1152,1951-08-08
131,Fernando,Smorthwaite,fsmorthwaite3m@skype.com,Male,United States,304-483-0577,1955-06-06
132,Danie,Pantin,dpantin3n@businesswire.com,Male,France,643-797-5260,1988-07-10
133,Hobart,Woolf,hwoolf3o@usda.gov,Male,Czech Republic,608-832-9409,1998-04-24
134,Bobbette,Billett,bbillett3p@indiegogo.com,Female,United States,785-720-3024,1975-07-14
135,Jocelyne,Cesco,jcesco3q@github.com,Female,France,690-773-6913,1997-12-24
136,Fonzie,Gionettitti,fgionettitti3r@usa.gov,Male,Germany,551-363-0764,1980-05-15
137,Lil,Halle,lhalle3s@altervista.org,Female,Netherlands,564-717-3162,1977-09-29
138,Nollie,MacGahy,nmacgahy3t@google.ca,Female,Poland,539-891-2970,1968-08-31
139,Hercules,Newlands,hnewlands3u@delicious.com,Male,United States,901-932-9378,1986-11-03
140,Greggory,Stelle,gstelle3v@jigsy.com,Male,Poland,404-605-5901,1954-11-15
141,Adelind,Jiggins,ajiggins3w@studiopress.com,Female,France,210-181-9600,1986-01-12
142,Celestyna,Brymham,cbrymham3x@usa.gov,Female,France,787-257-4494,1973-01-07
143,Clem,Sidwell,csidwell3y@nyu.edu,Male,United States,304-494-6678,1966-01-04
144,Gard,Duffy,gduffy3z@ftc.gov,Male,Spain,654-887-5820,1992-06-15
145,Charles,Valder,cvalder40@multiply.com,Male,United States,256-334-0690,1951-03-20
146,Shell,Strathman,sstrathman41@dailymotion.com,Female,Czech Republic,814-367-3414,1997-06-22
147,Donetta,Melross,dmelross42@elegantthemes.com,Female,United States,713-943-0077,1988-12-24
148,Clarisse,Rosenbloom,crosenbloom43@google.it,Female,France,388-461-9831,1997-03-14
149,Trefor,Enderlein,tenderlein44@baidu.com,Male,United States,206-890-7013,1971-09-27
150,Cyndia,Lack,clack45@amazon.co.uk,Female,Poland,414-499-7351,1972-08-27
151,Kore,Hauxley,khauxley46@stumbleupon.com,Female,United States,407-147-9022,1980-08-18
152,Heath,Crampton,hcrampton47@slideshare.net,Female,Netherlands,436-650-2679,1977-01-05
153,Ezequiel,Chasmar,echasmar48@jugem.jp,Male,Czech Republic,127-367-5873,1978-02-22
154,Mahmoud,Ebsworth,mebsworth49@europa.eu,Bigender,United States,602-290-9609,1982-09-07
155,Mira,Liddiard,mliddiard4a@unc.edu,Female,France,766-333-5868,1994-04-22
156,Burgess,Hallahan,bhallahan4b@barnesandnoble.com,Male,Poland,212-357-6132,1972-02-15
157,Sammy,Tremathick,stremathick4c@youtu.be,Female,United States,253-587-4903,1952-02-16
158,Byron,Govern,bgovern4d@a8.net,Male,Czech Republic,240-631-7782,1971-10-23
159,Guss,Kimbury,gkimbury4e@t-online.de,Male,Poland,290-955-1660,1958-10-27
160,Kit,Mattei,kmattei4f@free.fr,Male,France,809-576-2171,1990-11-28
161,Kathleen,Lawford,klawford4g@networksolutions.com,Female,United States,702-129-5937,1950-01-27
162,Eldredge,Stockport,estockport4h@princeton.edu,Male,United States,415-622-0398,1975-09-19
163,Richmond,Madge,rmadge4i@livejournal.com,Polygender,France,757-930-3130,1956-06-12
164,Reine,Sibbson,rsibbson4j@constantcontact.com,Female,United States,305-204-1900,1951-11-23
165,Ina,Balf,ibalf4k@g.co,Female,United States,609-755-7121,1962-10-25
166,Augy,Henner,ahenner4l@list-manage.com,Male,United States,850-643-9394,1961-11-22
167,Anna-maria,Robke,arobke4m@army.mil,Female,Germany,277-196-2445,1980-02-12
168,Viva,Camamile,vcamamile4n@hugedomains.com,Female,France,609-837-8934,1979-01-05
169,Corbett,McKeaney,cmckeaney4o@businesswire.com,Male,Germany,295-497-2448,1955-07-28
170,Rosalie,Annakin,rannakin4p@feedburner.com,Female,France,411-542-5882,1953-03-28
171,Elysha,Cisar,ecisar4q@nasa.gov,Female,France,853-535-3521,1972-07-07
172,Vinny,Beauly,vbeauly4r@fotki.com,Male,Poland,331-934-4456,1960-08-17
173,Starlene,Older,solder4s@e-recht24.de,Female,United States,619-820-4997,1954-11-22
174,Zollie,Ligertwood,zligertwood4t@ed.gov,Male,Poland,421-333-6415,1989-11-09
175,Austin,Hornung,ahornung4u@ow.ly,Male,Czech Republic,848-662-9876,1975-03-22
176,Darby,Langworthy,dlangworthy4v@so-net.ne.jp,Male,United States,224-911-4446,1958-03-04
177,Brier,Dymocke,bdymocke4w@businessweek.com,Female,France,757-830-3743,1990-12-31
178,Hertha,Hasard,hhasard4x@weather.com,Female,United States,478-512-3216,1966-06-02
179,Sid,Dobrovolski,sdobrovolski4y@noaa.gov,Male,Poland,599-168-2520,1993-05-21
180,Rhonda,Haruard,rharuard4z@goo.gl,Genderqueer,United States,817-174-6615,1975-01-28
181,Ernaline,Caldero,ecaldero50@nyu.edu,Female,Poland,119-190-1207,1975-03-03
182,Isadora,Billingham,ibillingham51@delicious.com,Female,France,542-708-9287,1969-09-05
183,Edd,Piercy,epiercy52@netlog.com,Male,Poland,928-671-0896,1975-08-13
184,Noel,Siuda,nsiuda53@4shared.com,Male,Poland,665-765-4645,1965-05-23
185,Tommy,Crayk,tcrayk54@jimdo.com,Female,United States,260-476-8852,1990-02-22
186,Marlo,Chalkly,mchalkly55@flickr.com,Male,France,580-189-8819,1985-05-16
187,Cher,Joynes,cjoynes56@flavors.me,Female,United States,260-756-1931,1995-09-04
188,Baillie,Goneau,bgoneau57@printfriendly.com,Male,France,951-955-5447,1991-01-20
189,Leicester,Trouncer,ltrouncer58@cnbc.com,Male,France,886-356-2994,1970-12-01
190,Sandye,Stairmand,sstairmand59@sphinn.com,Female,Germany,610-698-9077,1958-05-03
191,Obidiah,Carder,ocarder5a@jimdo.com,Male,Poland,246-763-8434,1992-03-03
192,Kerianne,Sones,ksones5b@tuttocitta.it,Female,Poland,857-109-6488,1980-01-28
193,Rudolfo,Schimmang,rschimmang5c@sbwire.com,Bigender,Poland,350-964-1974,1969-07-21
194,Joby,Edwards,jedwards5d@list-manage.com,Female,Poland,999-434-2924,1964-11-23
195,Ann,Beurich,abeurich5e@yahoo.co.jp,Female,Poland,151-359-0557,1954-08-15
196,Terrye,Stawell,tstawell5f@ftc.gov,Female,United States,859-807-8060,1963-11-23
197,Joan,Dacey,jdacey5g@cnbc.com,Female,Czech Republic,121-775-7627,1953-12-08
198,Valerye,Puleston,vpuleston5h@list-manage.com,Female,United States,716-216-5034,1998-03-30
199,Eric,Grimwad,egrimwad5i@nsw.gov.au,Male,Czech Republic,522-176-7088,1976-08-12
200,Antonia,Shapira,ashapira5j@about.me,Female,France,976-255-5262,1966-07-07
201,Tristan,Sproule,tsproule5k@blog.com,Male,France,924-301-2672,1972-03-16
202,Giacopo,Featherstone,gfeatherstone5l@google.de,Male,Poland,955-496-0521,1969-06-20
203,Babb,Crowche,bcrowche5m@csmonitor.com,Female,Czech Republic,831-217-3879,1968-04-03
204,Tripp,Lowrey,tlowrey5n@cisco.com,Male,United States,973-676-8897,1970-12-12
205,Bessy,Hargrave,bhargrave5o@phpbb.com,Female,United States,571-467-5260,1991-11-03
206,Murdoch,Itzhaiek,mitzhaiek5p@unc.edu,Male,France,589-570-0158,1956-03-27
207,Pamella,Brittlebank,pbrittlebank5q@cam.ac.uk,Female,Poland,887-354-9176,1975-03-02
208,Ezri,McJarrow,emcjarrow5r@networkadvertising.org,Male,Poland,627-618-4137,1984-11-13
209,Frankie,Eyers,feyers5s@dagondesign.com,Male,Czech Republic,552-556-5569,1970-10-18
210,Aurea,Roome,aroome5t@deviantart.com,Female,France,524-576-0085,1965-12-02
211,Fanni,Brandts,fbrandts5u@cam.ac.uk,Female,Poland,289-351-7374,1979-08-21
212,Nari,Pearlman,npearlman5v@hhs.gov,Female,Poland,113-464-0698,1981-03-14
213,Jobyna,Sawyers,jsawyers5w@typepad.com,Female,Germany,659-916-9788,1993-10-08
214,Cesaro,Ulyet,culyet5x@google.nl,Male,United States,405-444-2877,1997-10-01
215,Angeli,Camlin,acamlin5y@fda.gov,Male,United Kingdom,686-290-2370,1996-12-21
216,Jacynth,Leve,jleve5z@clickbank.net,Female,Poland,166-441-7635,1952-09-01
217,Demetris,Clabburn,dclabburn60@blogtalkradio.com,Male,Poland,754-839-6323,1974-02-10
218,Teodoro,Chese,tchese61@wikipedia.org,Genderfluid,Germany,963-588-3787,1983-05-14
219,Stanislas,Jendrich,sjendrich62@arizona.edu,Male,France,573-783-8579,1983-06-29
220,William,Boeter,wboeter63@google.es,Male,United States,432-313-0653,1999-06-16
221,Rosabelle,Syne,rsyne64@miitbeian.gov.cn,Female,Czech Republic,823-642-9144,1970-12-18
222,Lenette,Gaynes,lgaynes65@scientificamerican.com,Female,Poland,291-318-0609,1976-10-12
223,Shelly,Guinan,sguinan66@webs.com,Female,Poland,780-429-3342,1994-09-22
224,Clemente,Branchett,cbranchett67@yelp.com,Male,France,934-325-7850,1995-07-19
225,Adolphus,de Amaya,adeamaya68@virginia.edu,Male,Poland,672-996-0802,1999-11-19
226,Marchelle,O'Cahill,mocahill69@amazon.co.jp,Female,Czech Republic,536-999-5552,1951-01-09
227,Otho,Pelchat,opelchat6a@feedburner.com,Bigender,Poland,255-272-2844,1987-10-20
228,Hy,Eslie,heslie6b@time.com,Male,Germany,392-862-6528,1980-03-23
229,Neilla,Blight,nblight6c@mysql.com,Female,Germany,507-738-8307,1979-12-27
230,Ervin,Fewless,efewless6d@typepad.com,Male,United Kingdom,342-523-6303,1985-01-30
231,Colan,Prandy,cprandy6e@reverbnation.com,Male,United Kingdom,683-120-9474,1982-01-12
232,Sheffie,Defond,sdefond6f@dailymail.co.uk,Male,France,361-727-6335,1987-07-27
233,Terry,Hinners,thinners6g@examiner.com,Male,France,887-801-2617,1984-07-04
234,Ricky,Housam,rhousam6h@java.com,Male,France,852-440-2445,1983-08-03
235,Honoria,Polson,hpolson6i@pbs.org,Female,France,450-609-8787,1973-06-01
236,Zaria,Pesselt,zpesselt6j@flickr.com,Female,Poland,731-482-3844,1998-05-30
237,Leshia,Olphert,lolphert6k@aboutads.info,Non-binary,United States,915-195-9257,1961-04-20
238,Rina,Coryndon,rcoryndon6l@360.cn,Female,United States,626-697-6898,1987-11-15
239,Julie,Pude,jpude6m@princeton.edu,Male,Netherlands,309-259-4533,1996-01-11
240,Birgitta,Igo,bigo6n@mashable.com,Female,France,223-506-1872,1963-04-11
241,Dina,Farfoot,dfarfoot6o@webnode.com,Female,Czech Republic,574-811-5555,1986-08-17
242,Davon,Janton,djanton6p@theatlantic.com,Male,Estonia,489-921-0431,1971-01-15
243,Shaw,Hodges,shodges6q@mayoclinic.com,Agender,United States,303-718-7005,1958-12-28
244,Fidole,Carstairs,fcarstairs6r@usgs.gov,Male,Poland,123-908-7694,1982-09-17
245,Alameda,Duigenan,aduigenan6s@ted.com,Genderfluid,Germany,523-771-1202,1990-12-27
246,Catha,Danko,cdanko6t@disqus.com,Female,France,180-730-2694,1953-12-15
247,Kelly,Sheward,ksheward6u@photobucket.com,Male,Netherlands,511-885-9022,1981-08-02
248,Tamera,Crommett,tcrommett6v@ucla.edu,Female,Czech Republic,298-196-1506,1973-03-24
249,Eartha,Dine-Hart,edinehart6w@usa.gov,Female,Czech Republic,631-337-8159,1958-04-01
250,Paddy,Martlew,pmartlew6x@cnbc.com,Male,France,549-935-6234,1970-02-26
251,Gareth,Sweeney,gsweeney6y@spotify.com,Male,United States,231-856-2343,1995-11-07
252,Kurt,Clyant,kclyant6z@bing.com,Polygender,France,557-871-6441,1952-05-24
253,Donelle,Wadie,dwadie70@usgs.gov,Female,France,359-549-7716,1952-04-06
254,Luz,Hunt,lhunt71@yandex.ru,Female,Czech Republic,367-793-8052,1990-08-15
255,Tuckie,Stronack,tstronack72@techcrunch.com,Male,Germany,128-275-1863,1952-05-10
256,Corinna,Chaffer,cchaffer73@army.mil,Female,United States,828-877-8020,1956-05-23
257,Kat,Olczyk,kolczyk74@admin.ch,Polygender,Poland,945-159-4594,1975-11-10
258,Teodoor,Buckberry,tbuckberry75@360.cn,Agender,Czech Republic,978-587-8381,1979-11-01
259,Harmony,Vedenyakin,hvedenyakin76@abc.net.au,Female,United States,432-615-5839,1955-07-02
260,Merell,Claeskens,mclaeskens77@independent.co.uk,Male,France,749-843-4725,1992-04-27
261,Sheffield,Marchent,smarchent78@blogtalkradio.com,Male,Czech Republic,405-359-5545,1990-08-06
262,Daryl,Solly,dsolly79@1688.com,Female,Czech Republic,848-993-6266,1978-02-03
263,Jemimah,Vidgeon,jvidgeon7a@dagondesign.com,Female,United States,571-171-0067,1991-02-12
264,Alidia,Hariot,ahariot7b@bloglines.com,Female,Czech Republic,427-195-0758,1966-05-19
265,Brett,McGarahan,bmcgarahan7c@ameblo.jp,Non-binary,France,339-396-4268,1968-04-26
266,Laney,Vassel,lvassel7d@thetimes.co.uk,Male,Czech Republic,148-497-7339,1966-11-15
267,Imelda,Demer,idemer7e@jigsy.com,Female,Netherlands,363-864-5859,1995-12-13
268,Willis,Vel,wvel7f@redcross.org,Male,United States,713-577-6086,1962-02-18
269,Philippine,Extance,pextance7g@sciencedirect.com,Female,Czech Republic,502-136-4139,1978-10-05
270,Wiatt,Swarbrigg,wswarbrigg7h@themeforest.net,Male,United States,571-968-4195,1978-03-07
271,Lyell,Marples,lmarples7i@spiegel.de,Male,Netherlands,413-312-6988,1985-04-30
272,Derrik,Dyhouse,ddyhouse7j@epa.gov,Male,Poland,120-994-5711,1988-09-01
273,Andra,Strowlger,astrowlger7k@narod.ru,Female,United States,412-500-9525,1966-12-17
274,Cyrus,Sparshutt,csparshutt7l@geocities.com,Male,Poland,710-271-2732,1957-12-13
275,Hagan,Kempshall,hkempshall7m@wp.com,Male,France,836-887-5888,1989-03-09
276,Leona,Dudeney,ldudeney7n@nature.com,Female,France,608-362-4046,1953-06-21
277,Cammy,Slaight,cslaight7o@clickbank.net,Female,Poland,348-297-5410,1961-11-29
278,Celka,Waghorn,cwaghorn7p@hhs.gov,Female,Poland,372-498-8476,1988-12-15
279,Jillayne,Meriot,jmeriot7q@tripadvisor.com,Agender,Poland,239-130-7812,1951-06-03
280,Travers,Pittet,tpittet7r@vistaprint.com,Male,Poland,526-811-0958,1983-01-15
281,Jillayne,Millwall,jmillwall7s@hubpages.com,Female,France,453-932-9030,1962-04-19
282,Vern,Robyns,vrobyns7t@soup.io,Male,Poland,372-572-9813,1961-01-05
283,Paddie,Tebald,ptebald7u@123-reg.co.uk,Male,Poland,864-681-1991,1994-01-22
284,Sylas,Sarah,ssarah7v@newyorker.com,Male,France,523-320-5065,1961-05-12
285,Dael,Siggers,dsiggers7w@oaic.gov.au,Male,United States,407-122-0298,1954-01-04
286,Tisha,Dreier,tdreier7x@typepad.com,Female,Czech Republic,522-520-3683,1975-09-16
287,Cacilie,Leile,cleile7y@ustream.tv,Female,Poland,746-519-1859,1995-02-12
288,Cly,Tewnion,ctewnion7z@dailymail.co.uk,Male,Poland,180-250-6302,1989-03-03
289,Brandon,Baldick,bbaldick80@timesonline.co.uk,Non-binary,Poland,881-122-1277,1953-07-26
290,Gabrila,Frudd,gfrudd81@eventbrite.com,Genderfluid,Czech Republic,178-129-2437,1956-02-08
291,Candis,Dickinson,cdickinson82@fotki.com,Genderqueer,Poland,785-380-2409,1998-01-19
292,Dayna,Feasey,dfeasey83@psu.edu,Female,United States,412-885-6851,1961-06-10
293,Evaleen,Tellesson,etellesson84@guardian.co.uk,Female,United States,405-974-6236,1986-06-19
294,Dean,Marham,dmarham85@phoca.cz,Male,Czech Republic,223-443-8343,1991-04-09
295,Georgia,Guislin,gguislin86@purevolume.com,Female,France,264-204-7929,1952-02-04
296,Pansie,Ivashintsov,pivashintsov87@cnet.com,Female,Czech Republic,152-464-6987,1981-03-09
297,Ilario,Hurrell,ihurrell88@chicagotribune.com,Male,Poland,859-733-4101,1973-02-11
298,Herbert,Langston,hlangston89@independent.co.uk,Genderqueer,France,865-447-4127,1973-10-02
299,Nissy,Osgarby,nosgarby8a@miibeian.gov.cn,Female,United States,206-343-1950,1997-03-08
300,Conny,Stansbury,cstansbury8b@feedburner.com,Female,United Kingdom,846-484-7712,1974-05-30
